What,0,1,2,3,4,5,6,7,Date,Hour
SMH most viewed,Hundreds of Sydney students claim they were sexually assaulted,The Australians caught in the ‘apocalyptic’ Texas blackout,Prince Harry and Meghan make final split with the royal family,‘Genuine change’: Gillard praises Higgins as rape complaint goes to police,As it happened: Victoria records three local COVID-19 cases as Scott Morrison reveals he will receive Pfizer vaccine ‘very soon’,"‘We are sorry’: Senior Facebook exec apologises for blocking health, emergency sites","‘Wear skinny jeans or die’: inside the Gen Z, Millennials culture war",Developers forced to fix defects after commissioner wields new powers,2021-02-20,09
SMH most viewed,The Australians caught in the ‘apocalyptic’ Texas blackout,Prince Harry and Meghan make final split with the royal family,‘Genuine change’: Gillard praises Higgins as rape complaint goes to police,Hundreds of Sydney students claim they were sexually assaulted,As it happened: Victoria records three local COVID-19 cases as Scott Morrison reveals he will receive Pfizer vaccine ‘very soon’,"‘We are sorry’: Senior Facebook exec apologises for blocking health, emergency sites","‘Wear skinny jeans or die’: inside the Gen Z, Millennials culture war",How you farewell a Facebook account. And what you can do next,2021-02-20,10
SMH most viewed,Monstrous act exposes the cold inhumanity at the heart of the Morrison government,Prince Harry and Meghan make final split with the royal family,‘Genuine change’: Gillard praises Higgins as rape complaint goes to police,Hundreds of Sydney students claim they were sexually assaulted,As it happened: Victoria records three local COVID-19 cases as Scott Morrison reveals he will receive Pfizer vaccine ‘very soon’,"‘We are sorry’: Senior Facebook exec apologises for blocking health, emergency sites","‘Wear skinny jeans or die’: inside the Gen Z, Millennials culture war",The Australians caught in the ‘apocalyptic’ Texas blackout,2021-02-20,11
SMH most viewed,Monstrous act exposes the cold inhumanity at the heart of the Morrison government,Prince Harry and Meghan make final split with the royal family,‘Genuine change’: Gillard praises Higgins as rape complaint goes to police,Hundreds of Sydney students claim they were sexually assaulted,As it happened: Victoria records three local COVID-19 cases as Scott Morrison reveals he will receive Pfizer vaccine ‘very soon’,"‘We are sorry’: Senior Facebook exec apologises for blocking health, emergency sites","‘Wear skinny jeans or die’: inside the Gen Z, Millennials culture war",The Australians caught in the ‘apocalyptic’ Texas blackout,2021-02-20,12
SMH most viewed,Coronavirus updates LIVE: Australia prepares for vaccine rollout; Victorian government yet to send hotel quarantine bills; Inside Sydney’s biggest vaccination station,Monstrous act exposes the cold inhumanity at the heart of the Morrison government,Prince Harry and Meghan make final split with the royal family,‘Genuine change’: Gillard praises Higgins as rape complaint goes to police,Hundreds of Sydney students claim they were sexually assaulted,As it happened: Victoria records three local COVID-19 cases as Scott Morrison reveals he will receive Pfizer vaccine ‘very soon’,"‘We are sorry’: Senior Facebook exec apologises for blocking health, emergency sites","‘Wear skinny jeans or die’: inside the Gen Z, Millennials culture war",2021-02-20,13
SMH most viewed,Coronavirus updates LIVE: Australia prepares for vaccine rollout; Victorian government yet to send hotel quarantine bills; Inside Sydney’s biggest vaccination station,Monstrous act exposes the cold inhumanity at the heart of the Morrison government,Prince Harry and Meghan make final split with the royal family,‘Genuine change’: Gillard praises Higgins as rape complaint goes to police,Hundreds of Sydney students claim they were sexually assaulted,As it happened: Victoria records three local COVID-19 cases as Scott Morrison reveals he will receive Pfizer vaccine ‘very soon’,"‘We are sorry’: Senior Facebook exec apologises for blocking health, emergency sites","‘Wear skinny jeans or die’: inside the Gen Z, Millennials culture war",2021-02-20,14
SMH most viewed,Coronavirus updates LIVE: Australia prepares for vaccine rollout; Victorian government yet to send hotel quarantine bills; Inside Sydney’s biggest vaccination station,Kim Kardashian files to divorce Kanye West,Monstrous act exposes the cold inhumanity at the heart of the Morrison government,Prince Harry and Meghan make final split with the royal family,‘Genuine change’: Gillard praises Higgins as rape complaint goes to police,Hundreds of Sydney students claim they were sexually assaulted,As it happened: Victoria records three local COVID-19 cases as Scott Morrison reveals he will receive Pfizer vaccine ‘very soon’,"‘Wear skinny jeans or die’: inside the Gen Z, Millennials culture war",2021-02-20,15
SMH most viewed,Coronavirus updates LIVE: Australia prepares for vaccine rollout; Victorian government yet to send hotel quarantine bills; Inside Sydney’s biggest vaccination station,Kim Kardashian files to divorce Kanye West,Monstrous act exposes the cold inhumanity at the heart of the Morrison government,Prince Harry and Meghan make final split with the royal family,‘Genuine change’: Gillard praises Higgins as rape complaint goes to police,Hundreds of Sydney students claim they were sexually assaulted,"‘We are sorry’: Senior Facebook exec apologises for blocking health, emergency sites","‘Wear skinny jeans or die’: inside the Gen Z, Millennials culture war",2021-02-20,16
SMH most viewed,Coronavirus updates LIVE: Australia prepares for vaccine rollout; Victorian government yet to send hotel quarantine bills; Inside Sydney’s biggest vaccination station,Kim Kardashian files to divorce Kanye West,Monstrous act exposes the cold inhumanity at the heart of the Morrison government,Prince Harry and Meghan make final split with the royal family,‘Genuine change’: Gillard praises Higgins as rape complaint goes to police,Hundreds of Sydney students claim they were sexually assaulted,"‘We are sorry’: Senior Facebook exec apologises for blocking health, emergency sites","‘Wear skinny jeans or die’: inside the Gen Z, Millennials culture war",2021-02-20,17
SMH most viewed,Coronavirus updates LIVE: Australia prepares for vaccine rollout; Victorian government yet to send hotel quarantine bills; Inside Sydney’s biggest vaccination station,Kim Kardashian files to divorce Kanye West,Behind Facebook’s unfriending of Australia,Monstrous act exposes the cold inhumanity at the heart of the Morrison government,Prince Harry and Meghan make final split with the royal family,‘Genuine change’: Gillard praises Higgins as rape complaint goes to police,Hundreds of Sydney students claim they were sexually assaulted,"‘Wear skinny jeans or die’: inside the Gen Z, Millennials culture war",2021-02-20,18
SMH most viewed,Coronavirus updates LIVE: Australia prepares for vaccine rollout; Victorian government yet to send hotel quarantine bills; Inside Sydney’s biggest vaccination station,Kim Kardashian files to divorce Kanye West,Behind Facebook’s unfriending of Australia,Monstrous act exposes the cold inhumanity at the heart of the Morrison government,Prince Harry and Meghan make final split with the royal family,‘Genuine change’: Gillard praises Higgins as rape complaint goes to police,Hundreds of Sydney students claim they were sexually assaulted,"‘Wear skinny jeans or die’: inside the Gen Z, Millennials culture war",2021-02-20,19
SMH most viewed,Coronavirus updates LIVE: Australia prepares for vaccine rollout; Victorian government yet to send hotel quarantine bills; Inside Sydney’s biggest vaccination station,Kim Kardashian files to divorce Kanye West,Behind Facebook’s unfriending of Australia,Monstrous act exposes the cold inhumanity at the heart of the Morrison government,Prince Harry and Meghan make final split with the royal family,‘Genuine change’: Gillard praises Higgins as rape complaint goes to police,Hundreds of Sydney students claim they were sexually assaulted,"‘Wear skinny jeans or die’: inside the Gen Z, Millennials culture war",2021-02-20,20
SMH most viewed,Millions March rally against vaccine draws hundreds,As it happened: Arrests after anti-vaccination protests across Australia; NZ quarantine-free travel bubble resumes on Sunday,Kim Kardashian files to divorce Kanye West,Behind Facebook’s unfriending of Australia,Monstrous act exposes the cold inhumanity at the heart of the Morrison government,Prince Harry and Meghan make final split with the royal family,Hundreds of Sydney students claim they were sexually assaulted,"‘Wear skinny jeans or die’: inside the Gen Z, Millennials culture war",2021-02-20,21
SMH most viewed,Millions March rally against vaccine draws hundreds,As it happened: Arrests after anti-vaccination protests across Australia; NZ quarantine-free travel bubble resumes on Sunday,Kim Kardashian files to divorce Kanye West,Behind Facebook’s unfriending of Australia,Monstrous act exposes the cold inhumanity at the heart of the Morrison government,Prince Harry and Meghan make final split with the royal family,Hundreds of Sydney students claim they were sexually assaulted,"‘Wear skinny jeans or die’: inside the Gen Z, Millennials culture war",2021-02-20,22
SMH most viewed,Monstrous act exposes the cold inhumanity at the heart of the Morrison government,Millions March rally against vaccine draws hundreds,As it happened: Arrests after anti-vaccination protests across Australia; NZ quarantine-free travel bubble resumes on Sunday,Kim Kardashian files to divorce Kanye West,"For love, not money: MAFS ditches fame junkies for ‘genuine’ couples",Prince Harry and Meghan make final split with the royal family,Hundreds of Sydney students claim they were sexually assaulted,"‘Wear skinny jeans or die’: inside the Gen Z, Millennials culture war",2021-02-20,23
SMH most viewed,As it happened: Arrests after anti-vaccination protests across Australia; NZ quarantine-free travel bubble resumes on Sunday,Millions March rally against vaccine draws hundreds,Kim Kardashian files to divorce Kanye West,Monstrous act exposes the cold inhumanity at the heart of the Morrison government,"For love, not money: MAFS ditches fame junkies for ‘genuine’ couples",Prince Harry and Meghan make final split with the royal family,Hundreds of Sydney students claim they were sexually assaulted,"‘Wear skinny jeans or die’: inside the Gen Z, Millennials culture war",2021-02-21,00
SMH most viewed,Kim Kardashian files to divorce Kanye West,Prince Harry and Meghan make final split with the royal family,As it happened: Arrests after anti-vaccination protests across Australia; NZ quarantine-free travel bubble resumes on Sunday,Millions March rally against vaccine draws hundreds,Monstrous act exposes the cold inhumanity at the heart of the Morrison government,"For love, not money: MAFS ditches fame junkies for ‘genuine’ couples",Hundreds of Sydney students claim they were sexually assaulted,"‘Wear skinny jeans or die’: inside the Gen Z, Millennials culture war",2021-02-21,01
SMH most viewed,As it happened: Arrests after anti-vaccination protests across Australia; NZ quarantine-free travel bubble resumes on Sunday,Millions March rally against vaccine draws hundreds,Kim Kardashian files to divorce Kanye West,Monstrous act exposes the cold inhumanity at the heart of the Morrison government,"For love, not money: MAFS ditches fame junkies for ‘genuine’ couples",Prince Harry and Meghan make final split with the royal family,Hundreds of Sydney students claim they were sexually assaulted,"‘Wear skinny jeans or die’: inside the Gen Z, Millennials culture war",2021-02-21,02
SMH most viewed,"For love, not money: MAFS ditches fame junkies for ‘genuine’ couples",As it happened: Arrests after anti-vaccination protests across Australia; NZ quarantine-free travel bubble resumes on Sunday,Millions March rally against vaccine draws hundreds,Kim Kardashian files to divorce Kanye West,Monstrous act exposes the cold inhumanity at the heart of the Morrison government,Prince Harry and Meghan make final split with the royal family,Hundreds of Sydney students claim they were sexually assaulted,"‘Wear skinny jeans or die’: inside the Gen Z, Millennials culture war",2021-02-21,03
SMH most viewed,As it happened: Arrests after anti-vaccination protests across Australia; NZ quarantine-free travel bubble resumes on Sunday,Millions March rally against vaccine draws hundreds,Kim Kardashian files to divorce Kanye West,Monstrous act exposes the cold inhumanity at the heart of the Morrison government,"For love, not money: MAFS ditches fame junkies for ‘genuine’ couples",Prince Harry and Meghan make final split with the royal family,Hundreds of Sydney students claim they were sexually assaulted,"‘Wear skinny jeans or die’: inside the Gen Z, Millennials culture war",2021-02-21,04
SMH most viewed,As it happened: Arrests after anti-vaccination protests across Australia; NZ quarantine-free travel bubble resumes on Sunday,Millions March rally against vaccine draws hundreds,Kim Kardashian files to divorce Kanye West,Monstrous act exposes the cold inhumanity at the heart of the Morrison government,"For love, not money: MAFS ditches fame junkies for ‘genuine’ couples",Prince Harry and Meghan make final split with the royal family,Hundreds of Sydney students claim they were sexually assaulted,"‘Wear skinny jeans or die’: inside the Gen Z, Millennials culture war",2021-02-21,05
SMH most viewed,As it happened: Arrests after anti-vaccination protests across Australia; NZ quarantine-free travel bubble resumes on Sunday,Millions March rally against vaccine draws hundreds,Kim Kardashian files to divorce Kanye West,Behind Facebook’s unfriending of Australia,Monstrous act exposes the cold inhumanity at the heart of the Morrison government,"For love, not money: MAFS ditches fame junkies for ‘genuine’ couples",Hundreds of Sydney students claim they were sexually assaulted,"‘Wear skinny jeans or die’: inside the Gen Z, Millennials culture war",2021-02-21,06
SMH most viewed,‘We just hit it off’: Peter Greste’s life after lock-up,As it happened: Arrests after anti-vaccination protests across Australia; NZ quarantine-free travel bubble resumes on Sunday,Millions March rally against vaccine draws hundreds,Kim Kardashian files to divorce Kanye West,Behind Facebook’s unfriending of Australia,"For love, not money: MAFS ditches fame junkies for ‘genuine’ couples",Hundreds of Sydney students claim they were sexually assaulted,"‘Wear skinny jeans or die’: inside the Gen Z, Millennials culture war",2021-02-21,07
SMH most viewed,The speed camera so successful they stopped issuing fines,‘We just hit it off’: Peter Greste’s life after lock-up,As it happened: Arrests after anti-vaccination protests across Australia; NZ quarantine-free travel bubble resumes on Sunday,Millions March rally against vaccine draws hundreds,Kim Kardashian files to divorce Kanye West,"For love, not money: MAFS ditches fame junkies for ‘genuine’ couples",Hundreds of Sydney students claim they were sexually assaulted,"‘Wear skinny jeans or die’: inside the Gen Z, Millennials culture war",2021-02-21,08
SMH most viewed,The speed camera so successful they stopped issuing fines,‘We just hit it off’: Peter Greste’s life after lock-up,As it happened: Arrests after anti-vaccination protests across Australia; NZ quarantine-free travel bubble resumes on Sunday,Millions March rally against vaccine draws hundreds,Kim Kardashian files to divorce Kanye West,"For love, not money: MAFS ditches fame junkies for ‘genuine’ couples",Hundreds of Sydney students claim they were sexually assaulted,"‘Wear skinny jeans or die’: inside the Gen Z, Millennials culture war",2021-02-21,09
SMH most viewed,The speed camera so successful they stopped issuing fines,‘We just hit it off’: Peter Greste’s life after lock-up,It’s time to change the discourse around Samantha Armytage,As it happened: Arrests after anti-vaccination protests across Australia; NZ quarantine-free travel bubble resumes on Sunday,Millions March rally against vaccine draws hundreds,Kim Kardashian files to divorce Kanye West,"For love, not money: MAFS ditches fame junkies for ‘genuine’ couples","‘Wear skinny jeans or die’: inside the Gen Z, Millennials culture war",2021-02-21,11
SMH most viewed,The speed camera so successful they stopped issuing fines,It’s time to change the discourse around Samantha Armytage,Millions March rally against vaccine draws hundreds,"‘Wear skinny jeans or die’: inside the Gen Z, Millennials culture war","For love, not money: MAFS ditches fame junkies for ‘genuine’ couples",Kim Kardashian files to divorce Kanye West,‘We just hit it off’: Peter Greste’s life after lock-up,Call her Ms Higgins: the PM’s over-familiarity is revealing,2021-02-21,12
SMH most viewed,The speed camera so successful they stopped issuing fines,‘We just hit it off’: Peter Greste’s life after lock-up,Call her Ms Higgins: the PM’s over-familiarity is revealing,It’s time to change the discourse around Samantha Armytage,Millions March rally against vaccine draws hundreds,Kim Kardashian files to divorce Kanye West,"For love, not money: MAFS ditches fame junkies for ‘genuine’ couples","‘Wear skinny jeans or die’: inside the Gen Z, Millennials culture war",2021-02-21,13
SMH most viewed,The speed camera so successful they stopped issuing fines,Coronavirus updates LIVE: Australia’s first doses of the Pfizer vaccine administered; Victoria records no new COVID-19 cases as $143 million support package announced for businesses impacted by recent lockdown,‘We just hit it off’: Peter Greste’s life after lock-up,Call her Ms Higgins: the PM’s over-familiarity is revealing,It’s time to change the discourse around Samantha Armytage,Millions March rally against vaccine draws hundreds,"For love, not money: MAFS ditches fame junkies for ‘genuine’ couples","‘Wear skinny jeans or die’: inside the Gen Z, Millennials culture war",2021-02-21,14
SMH most viewed,Where are you in the vaccine queue? Our calculator shows when you’re likely to get the jab,Coronavirus updates LIVE: Australia’s first doses of the Pfizer vaccine administered; Victoria records no new COVID-19 cases as $143 million support package announced for businesses impacted by recent lockdown,Call her Ms Higgins: the PM’s over-familiarity is revealing,It’s time to change the discourse around Samantha Armytage,The speed camera so successful they stopped issuing fines,Millions March rally against vaccine draws hundreds,"For love, not money: MAFS ditches fame junkies for ‘genuine’ couples","‘Wear skinny jeans or die’: inside the Gen Z, Millennials culture war",2021-02-21,15
SMH most viewed,Coronavirus updates LIVE: Australia’s first doses of the Pfizer vaccine administered; Victoria records no new COVID-19 cases as $143 million support package announced for businesses impacted by recent lockdown,Where are you in the vaccine queue? Our calculator shows when you’re likely to get the jab,Call her Ms Higgins: the PM’s over-familiarity is revealing,It’s time to change the discourse around Samantha Armytage,The speed camera so successful they stopped issuing fines,Millions March rally against vaccine draws hundreds,"For love, not money: MAFS ditches fame junkies for ‘genuine’ couples","‘Wear skinny jeans or die’: inside the Gen Z, Millennials culture war",2021-02-21,16
SMH most viewed,"For love, not money: MAFS ditches fame junkies for ‘genuine’ couples",Coronavirus updates LIVE: Australia’s first doses of the Pfizer vaccine administered; Victoria records no new COVID-19 cases as $143 million support package announced for businesses impacted by recent lockdown,Where are you in the vaccine queue? Our calculator shows when you’re likely to get the jab,Prince Charles visits father Philip in hospital,Call her Ms Higgins: the PM’s over-familiarity is revealing,It’s time to change the discourse around Samantha Armytage,The speed camera so successful they stopped issuing fines,"‘Wear skinny jeans or die’: inside the Gen Z, Millennials culture war",2021-02-21,17
SMH most viewed,Coronavirus updates LIVE: Australia’s first doses of the Pfizer vaccine administered; Victoria records no new COVID-19 cases as $143 million support package announced for businesses impacted by recent lockdown,Where are you in the vaccine queue? Our calculator shows when you’re likely to get the jab,Prince Charles visits father Philip in hospital,Call her Ms Higgins: the PM’s over-familiarity is revealing,It’s time to change the discourse around Samantha Armytage,The speed camera so successful they stopped issuing fines,"For love, not money: MAFS ditches fame junkies for ‘genuine’ couples","‘Wear skinny jeans or die’: inside the Gen Z, Millennials culture war",2021-02-21,18
SMH most viewed,Coronavirus updates LIVE: Australia’s first doses of the Pfizer vaccine administered; Victoria records no new COVID-19 cases as $143 million support package announced for businesses impacted by recent lockdown,Where are you in the vaccine queue? Our calculator shows when you’re likely to get the jab,Shun sleep for a better self – the secrets of the ‘5.30 Club’,Prince Charles visits father Philip in hospital,Call her Ms Higgins: the PM’s over-familiarity is revealing,It’s time to change the discourse around Samantha Armytage,The speed camera so successful they stopped issuing fines,"‘Wear skinny jeans or die’: inside the Gen Z, Millennials culture war",2021-02-21,19
SMH most viewed,Coronavirus updates LIVE: Australia’s first doses of the Pfizer vaccine administered; Victoria records no new COVID-19 cases as $143 million support package announced for businesses impacted by recent lockdown,Where are you in the vaccine queue? Our calculator shows when you’re likely to get the jab,Shun sleep for a better self – the secrets of the ‘5.30 Club’,Prince Charles visits father Philip in hospital,Call her Ms Higgins: the PM’s over-familiarity is revealing,It’s time to change the discourse around Samantha Armytage,The speed camera so successful they stopped issuing fines,"‘Wear skinny jeans or die’: inside the Gen Z, Millennials culture war",2021-02-21,20
SMH most viewed,Suaalii’s $1 million-a-season demand was the last straw for Rabbitohs,Coronavirus updates LIVE: Australia’s first doses of the Pfizer vaccine administered; Victoria records no new COVID-19 cases as $143 million support package announced for businesses impacted by recent lockdown,Where are you in the vaccine queue? Our calculator shows when you’re likely to get the jab,Shun sleep for a better self – the secrets of the ‘5.30 Club’,Prince Charles visits father Philip in hospital,Call her Ms Higgins: the PM’s over-familiarity is revealing,It’s time to change the discourse around Samantha Armytage,The speed camera so successful they stopped issuing fines,2021-02-21,21
SMH most viewed,Coronavirus updates LIVE: Australia’s first doses of the Pfizer vaccine administered; Victoria records no new COVID-19 cases as $143 million support package announced for businesses impacted by recent lockdown,Where are you in the vaccine queue? Our calculator shows when you’re likely to get the jab,Shun sleep for a better self – the secrets of the ‘5.30 Club’,Suaalii’s $1 million-a-season demand was the last straw for Rabbitohs,Prince Charles visits father Philip in hospital,Call her Ms Higgins: the PM’s over-familiarity is revealing,It’s time to change the discourse around Samantha Armytage,The speed camera so successful they stopped issuing fines,2021-02-21,22
SMH most viewed,Coronavirus updates LIVE: Australia’s first doses of the Pfizer vaccine administered; Victoria records no new COVID-19 cases as $143 million support package announced for businesses impacted by recent lockdown,Where are you in the vaccine queue? Our calculator shows when you’re likely to get the jab,Shun sleep for a better self – the secrets of the ‘5.30 Club’,Suaalii’s $1 million-a-season demand was the last straw for Rabbitohs,Prince Charles visits father Philip in hospital,Call her Ms Higgins: the PM’s over-familiarity is revealing,It’s time to change the discourse around Samantha Armytage,The speed camera so successful they stopped issuing fines,2021-02-21,23
SMH most viewed,Coronavirus updates LIVE: Australia’s first doses of the Pfizer vaccine administered; Victoria records no new COVID-19 cases as $143 million support package announced for businesses impacted by recent lockdown,Where are you in the vaccine queue? Our calculator shows when you’re likely to get the jab,Shun sleep for a better self – the secrets of the ‘5.30 Club’,Suaalii’s $1 million-a-season demand was the last straw for Rabbitohs,Prince Charles visits father Philip in hospital,Call her Ms Higgins: the PM’s over-familiarity is revealing,It’s time to change the discourse around Samantha Armytage,The speed camera so successful they stopped issuing fines,2021-02-22,00
SMH most viewed,Coronavirus updates LIVE: Australia’s first doses of the Pfizer vaccine administered; Victoria records no new COVID-19 cases as $143 million support package announced for businesses impacted by recent lockdown,Where are you in the vaccine queue? Our calculator shows when you’re likely to get the jab,Shun sleep for a better self – the secrets of the ‘5.30 Club’,Suaalii’s $1 million-a-season demand was the last straw for Rabbitohs,Prince Charles visits father Philip in hospital,Call her Ms Higgins: the PM’s over-familiarity is revealing,It’s time to change the discourse around Samantha Armytage,The speed camera so successful they stopped issuing fines,2021-02-22,01
SMH most viewed,Coronavirus updates LIVE: Australia’s first doses of the Pfizer vaccine administered; Victoria records no new COVID-19 cases as $143 million support package announced for businesses impacted by recent lockdown,Where are you in the vaccine queue? Our calculator shows when you’re likely to get the jab,Shun sleep for a better self – the secrets of the ‘5.30 Club’,Suaalii’s $1 million-a-season demand was the last straw for Rabbitohs,Prince Charles visits father Philip in hospital,Call her Ms Higgins: the PM’s over-familiarity is revealing,It’s time to change the discourse around Samantha Armytage,The speed camera so successful they stopped issuing fines,2021-02-22,02
SMH most viewed,Coronavirus updates LIVE: Australia’s first doses of the Pfizer vaccine administered; Victoria records no new COVID-19 cases as $143 million support package announced for businesses impacted by recent lockdown,Where are you in the vaccine queue? Our calculator shows when you’re likely to get the jab,Shun sleep for a better self – the secrets of the ‘5.30 Club’,Suaalii’s $1 million-a-season demand was the last straw for Rabbitohs,Prince Charles visits father Philip in hospital,Call her Ms Higgins: the PM’s over-familiarity is revealing,It’s time to change the discourse around Samantha Armytage,The speed camera so successful they stopped issuing fines,2021-02-22,03
SMH most viewed,‘Too many think silence is consent’: Victim says rape ‘endemic’ in eastern suburbs,Coronavirus updates LIVE: Australia’s first doses of the Pfizer vaccine administered; Victoria records no new COVID-19 cases as $143 million support package announced for businesses impacted by recent lockdown,Where are you in the vaccine queue? Our calculator shows when you’re likely to get the jab,Shun sleep for a better self – the secrets of the ‘5.30 Club’,Prince Charles visits father Philip in hospital,Call her Ms Higgins: the PM’s over-familiarity is revealing,It’s time to change the discourse around Samantha Armytage,The speed camera so successful they stopped issuing fines,2021-02-22,04
SMH most viewed,‘Too many think silence is consent’: Victim says rape ‘endemic’ in eastern suburbs,Coronavirus updates LIVE: Australia’s first doses of the Pfizer vaccine administered; Victoria records no new COVID-19 cases as $143 million support package announced for businesses impacted by recent lockdown,Where are you in the vaccine queue? Our calculator shows when you’re likely to get the jab,Shun sleep for a better self – the secrets of the ‘5.30 Club’,Prince Charles visits father Philip in hospital,Call her Ms Higgins: the PM’s over-familiarity is revealing,It’s time to change the discourse around Samantha Armytage,The speed camera so successful they stopped issuing fines,2021-02-22,05
SMH most viewed,"For love, not money: MAFS ditches fame junkies for ‘genuine’ couples",Coronavirus updates LIVE: Australia’s first doses of the Pfizer vaccine administered; Victoria records no new COVID-19 cases as $143 million support package announced for businesses impacted by recent lockdown,Where are you in the vaccine queue? Our calculator shows when you’re likely to get the jab,Shun sleep for a better self – the secrets of the ‘5.30 Club’,Prince Charles visits father Philip in hospital,Call her Ms Higgins: the PM’s over-familiarity is revealing,It’s time to change the discourse around Samantha Armytage,The speed camera so successful they stopped issuing fines,2021-02-22,06
SMH most viewed,Coronavirus updates LIVE: Australia’s first doses of the Pfizer vaccine administered; Victoria records no new COVID-19 cases as $143 million support package announced for businesses impacted by recent lockdown,Where are you in the vaccine queue? Our calculator shows when you’re likely to get the jab,Shun sleep for a better self – the secrets of the ‘5.30 Club’,Prince Charles visits father Philip in hospital,Call her Ms Higgins: the PM’s over-familiarity is revealing,It’s time to change the discourse around Samantha Armytage,The speed camera so successful they stopped issuing fines,"For love, not money: MAFS ditches fame junkies for ‘genuine’ couples",2021-02-22,07
SMH most viewed,‘My heart was pounding’: Meet the doctor who gave the PM his COVID jab,Coronavirus updates LIVE: Australia’s first doses of the Pfizer vaccine administered; Victoria records no new COVID-19 cases as $143 million support package announced for businesses impacted by recent lockdown,Where are you in the vaccine queue? Our calculator shows when you’re likely to get the jab,Shun sleep for a better self – the secrets of the ‘5.30 Club’,Call her Ms Higgins: the PM’s over-familiarity is revealing,It’s time to change the discourse around Samantha Armytage,The speed camera so successful they stopped issuing fines,"For love, not money: MAFS ditches fame junkies for ‘genuine’ couples",2021-02-22,08
SMH most viewed,"‘Just embarrassing’: Fans boo TA president after mentions of vaccine, Andrews government",Coronavirus updates LIVE: Australia’s first doses of the Pfizer vaccine administered; Victoria records no new COVID-19 cases as $143 million support package announced for businesses impacted by recent lockdown,Where are you in the vaccine queue? Our calculator shows when you’re likely to get the jab,Shun sleep for a better self – the secrets of the ‘5.30 Club’,Call her Ms Higgins: the PM’s over-familiarity is revealing,It’s time to change the discourse around Samantha Armytage,The speed camera so successful they stopped issuing fines,"For love, not money: MAFS ditches fame junkies for ‘genuine’ couples",2021-02-22,09
SMH most viewed,"Coronavirus updates LIVE: COVID vaccine rollout begins throughout Australia as Scott Morrison, CMO Paul Kelly receive shot","‘Just embarrassing’: Fans boo TA president after mentions of vaccine, Andrews government",Coronavirus updates LIVE: Australia’s first doses of the Pfizer vaccine administered; Victoria records no new COVID-19 cases as $143 million support package announced for businesses impacted by recent lockdown,Where are you in the vaccine queue? Our calculator shows when you’re likely to get the jab,Shun sleep for a better self – the secrets of the ‘5.30 Club’,Call her Ms Higgins: the PM’s over-familiarity is revealing,It’s time to change the discourse around Samantha Armytage,The speed camera so successful they stopped issuing fines,2021-02-22,11
SMH most viewed,"Coronavirus updates LIVE: COVID vaccine rollout begins throughout Australia as Scott Morrison, CMO Paul Kelly receive shot","‘Just embarrassing’: Fans boo TA president after mentions of vaccine, Andrews government",Facebook returns to the negotiating table one day after news ban,Where are you in the vaccine queue? Our calculator shows when you’re likely to get the jab,Shun sleep for a better self – the secrets of the ‘5.30 Club’,Call her Ms Higgins: the PM’s over-familiarity is revealing,It’s time to change the discourse around Samantha Armytage,The speed camera so successful they stopped issuing fines,2021-02-22,12
SMH most viewed,The young doctor who ignored the rules to find Italy’s ‘Patient One’,"Coronavirus updates LIVE: COVID vaccine rollout begins throughout Australia as Scott Morrison, CMO Paul Kelly receive shot","‘Just embarrassing’: Fans boo TA president after mentions of vaccine, Andrews government",Where are you in the vaccine queue? Our calculator shows when you’re likely to get the jab,Shun sleep for a better self – the secrets of the ‘5.30 Club’,Call her Ms Higgins: the PM’s over-familiarity is revealing,It’s time to change the discourse around Samantha Armytage,The speed camera so successful they stopped issuing fines,2021-02-22,13
SMH most viewed,Missing finance adviser Melissa Caddick’s husband left high and dry,"Coronavirus updates LIVE: COVID vaccine rollout begins throughout Australia as Scott Morrison, CMO Paul Kelly receive shot",The young doctor who ignored the rules to find Italy’s ‘Patient One’,"‘Just embarrassing’: Fans boo TA president after mentions of vaccine, Andrews government",Where are you in the vaccine queue? Our calculator shows when you’re likely to get the jab,Shun sleep for a better self – the secrets of the ‘5.30 Club’,It’s time to change the discourse around Samantha Armytage,The speed camera so successful they stopped issuing fines,2021-02-22,14
SMH most viewed,Missing finance adviser Melissa Caddick’s husband left high and dry,"Coronavirus updates LIVE: COVID vaccine rollout begins throughout Australia as Scott Morrison, CMO Paul Kelly receive shot",The young doctor who ignored the rules to find Italy’s ‘Patient One’,"‘Just embarrassing’: Fans boo TA president after mentions of vaccine, Andrews government",Where are you in the vaccine queue? Our calculator shows when you’re likely to get the jab,Shun sleep for a better self – the secrets of the ‘5.30 Club’,It’s time to change the discourse around Samantha Armytage,The speed camera so successful they stopped issuing fines,2021-02-22,15
SMH most viewed,Missing finance adviser Melissa Caddick’s husband left high and dry,‘Deeply disturbing’: Fourth woman claims sexual assault by staffer Brittany Higgins accused,"Coronavirus updates LIVE: COVID vaccine rollout begins throughout Australia as Scott Morrison, CMO Paul Kelly receive shot",The young doctor who ignored the rules to find Italy’s ‘Patient One’,"‘Just embarrassing’: Fans boo TA president after mentions of vaccine, Andrews government",Where are you in the vaccine queue? Our calculator shows when you’re likely to get the jab,Shun sleep for a better self – the secrets of the ‘5.30 Club’,It’s time to change the discourse around Samantha Armytage,2021-02-22,16
SMH most viewed,Missing finance adviser Melissa Caddick’s husband left high and dry,‘Deeply disturbing’: Fourth woman claims sexual assault by staffer Brittany Higgins accused,"Coronavirus updates LIVE: COVID vaccine rollout begins throughout Australia as Scott Morrison, CMO Paul Kelly receive shot",The young doctor who ignored the rules to find Italy’s ‘Patient One’,"‘Just embarrassing’: Fans boo TA president after mentions of vaccine, Andrews government",Where are you in the vaccine queue? Our calculator shows when you’re likely to get the jab,Shun sleep for a better self – the secrets of the ‘5.30 Club’,It’s time to change the discourse around Samantha Armytage,2021-02-22,17
SMH most viewed,Missing finance adviser Melissa Caddick’s husband left high and dry,"Coronavirus updates LIVE: COVID vaccine rollout begins throughout Australia as Scott Morrison, CMO Paul Kelly receive shot",‘Deeply disturbing’: More women claim sexual assault by staffer Brittany Higgins accused,The young doctor who ignored the rules to find Italy’s ‘Patient One’,"‘Just embarrassing’: Fans boo TA president after mentions of vaccine, Andrews government",Where are you in the vaccine queue? Our calculator shows when you’re likely to get the jab,Shun sleep for a better self – the secrets of the ‘5.30 Club’,It’s time to change the discourse around Samantha Armytage,2021-02-22,18
SMH most viewed,Missing finance adviser Melissa Caddick’s husband left high and dry,"Coronavirus updates LIVE: COVID vaccine rollout begins throughout Australia as Scott Morrison, CMO Paul Kelly receive shot",‘Deeply disturbing’: More women claim sexual assault by staffer Brittany Higgins accused,The young doctor who ignored the rules to find Italy’s ‘Patient One’,"‘Just embarrassing’: Fans boo TA president after mentions of vaccine, Andrews government",Where are you in the vaccine queue? Our calculator shows when you’re likely to get the jab,Shun sleep for a better self – the secrets of the ‘5.30 Club’,It’s time to change the discourse around Samantha Armytage,2021-02-22,19
SMH most viewed,"Coronavirus updates LIVE: COVID vaccine rollout begins throughout Australia as Scott Morrison, CMO Paul Kelly receive shot",Missing finance adviser Melissa Caddick’s husband left high and dry,‘Deeply disturbing’: More women claim sexual assault by staffer Brittany Higgins accused,The young doctor who ignored the rules to find Italy’s ‘Patient One’,Linda Reynolds doesn’t deserve criticism: her response to Higgins rape claim was textbook,"‘Just embarrassing’: Fans boo TA president after mentions of vaccine, Andrews government",Where are you in the vaccine queue? Our calculator shows when you’re likely to get the jab,It’s time to change the discourse around Samantha Armytage,2021-02-22,20
SMH most viewed,"Coronavirus updates LIVE: COVID vaccine rollout begins throughout Australia as Scott Morrison, CMO Paul Kelly receive shot",Missing finance adviser Melissa Caddick’s husband left high and dry,‘Deeply disturbing’: More women claim sexual assault by staffer Brittany Higgins accused,The young doctor who ignored the rules to find Italy’s ‘Patient One’,Linda Reynolds doesn’t deserve criticism: her response to Higgins rape claim was textbook,"‘Just embarrassing’: Fans boo TA president after mentions of vaccine, Andrews government",Where are you in the vaccine queue? Our calculator shows when you’re likely to get the jab,It’s time to change the discourse around Samantha Armytage,2021-02-22,21
SMH most viewed,"Coronavirus updates LIVE: COVID vaccine rollout begins throughout Australia as Scott Morrison, CMO Paul Kelly receive shot",Missing finance adviser Melissa Caddick’s husband left high and dry,‘Deeply disturbing’: More women claim sexual assault by staffer Brittany Higgins accused,The young doctor who ignored the rules to find Italy’s ‘Patient One’,Linda Reynolds doesn’t deserve criticism: her response to Higgins rape claim was textbook,"‘Just embarrassing’: Fans boo TA president after mentions of vaccine, Andrews government",Where are you in the vaccine queue? Our calculator shows when you’re likely to get the jab,It’s time to change the discourse around Samantha Armytage,2021-02-22,22
SMH most viewed,"Coronavirus updates LIVE: COVID vaccine rollout begins throughout Australia as Scott Morrison, CMO Paul Kelly receive shot",Missing finance adviser Melissa Caddick’s husband left high and dry,‘Deeply disturbing’: More women claim sexual assault by staffer Brittany Higgins accused,The young doctor who ignored the rules to find Italy’s ‘Patient One’,Linda Reynolds doesn’t deserve criticism: her response to Higgins rape claim was textbook,"‘Just embarrassing’: Fans boo TA president after mentions of vaccine, Andrews government",Where are you in the vaccine queue? Our calculator shows when you’re likely to get the jab,It’s time to change the discourse around Samantha Armytage,2021-02-22,23
SMH most viewed,Missing finance adviser Melissa Caddick’s husband left high and dry,Where are you in the vaccine queue? Our calculator shows when you’re likely to get the jab,"Coronavirus updates LIVE: COVID vaccine rollout begins throughout Australia as Scott Morrison, CMO Paul Kelly receive shot",It’s time to change the discourse around Samantha Armytage,"‘Just embarrassing’: Fans boo TA president after mentions of vaccine, Andrews government",Linda Reynolds doesn’t deserve criticism: her response to Higgins rape claim was textbook,‘Deeply disturbing’: More women claim sexual assault by staffer Brittany Higgins accused,The young doctor who ignored the rules to find Italy’s ‘Patient One’,2021-02-23,00
SMH most viewed,"Coronavirus updates LIVE: COVID vaccine rollout begins throughout Australia as Scott Morrison, CMO Paul Kelly receive shot",Missing finance adviser Melissa Caddick’s husband left high and dry,‘Deeply disturbing’: More women claim sexual assault by staffer Brittany Higgins accused,The young doctor who ignored the rules to find Italy’s ‘Patient One’,Linda Reynolds doesn’t deserve criticism: her response to Higgins rape claim was textbook,"‘Just embarrassing’: Fans boo TA president after mentions of vaccine, Andrews government",Where are you in the vaccine queue? Our calculator shows when you’re likely to get the jab,It’s time to change the discourse around Samantha Armytage,2021-02-23,01
SMH most viewed,"Coronavirus updates LIVE: COVID vaccine rollout begins throughout Australia as Scott Morrison, CMO Paul Kelly receive shot",Missing finance adviser Melissa Caddick’s husband left high and dry,‘Deeply disturbing’: More women claim sexual assault by staffer Brittany Higgins accused,The young doctor who ignored the rules to find Italy’s ‘Patient One’,Linda Reynolds doesn’t deserve criticism: her response to Higgins rape claim was textbook,"‘Just embarrassing’: Fans boo TA president after mentions of vaccine, Andrews government",Where are you in the vaccine queue? Our calculator shows when you’re likely to get the jab,It’s time to change the discourse around Samantha Armytage,2021-02-23,03
SMH most viewed,"Coronavirus updates LIVE: COVID vaccine rollout begins throughout Australia as Scott Morrison, CMO Paul Kelly receive shot",Missing finance adviser Melissa Caddick’s husband left high and dry,‘Deeply disturbing’: More women claim sexual assault by staffer Brittany Higgins accused,The young doctor who ignored the rules to find Italy’s ‘Patient One’,Linda Reynolds doesn’t deserve criticism: her response to Higgins rape claim was textbook,"‘Just embarrassing’: Fans boo TA president after mentions of vaccine, Andrews government",Where are you in the vaccine queue? Our calculator shows when you’re likely to get the jab,It’s time to change the discourse around Samantha Armytage,2021-02-23,04
SMH most viewed,JobSeeker set for increase as data shows it could cost less than $3 billion a year,"Coronavirus updates LIVE: COVID vaccine rollout begins throughout Australia as Scott Morrison, CMO Paul Kelly receive shot",Missing finance adviser Melissa Caddick’s husband left high and dry,‘Deeply disturbing’: More women claim sexual assault by staffer Brittany Higgins accused,The young doctor who ignored the rules to find Italy’s ‘Patient One’,Linda Reynolds doesn’t deserve criticism: her response to Higgins rape claim was textbook,Where are you in the vaccine queue? Our calculator shows when you’re likely to get the jab,It’s time to change the discourse around Samantha Armytage,2021-02-23,05
SMH most viewed,JobSeeker set for increase as data shows it could cost less than $3 billion a year,"Coronavirus updates LIVE: COVID vaccine rollout begins throughout Australia as Scott Morrison, CMO Paul Kelly receive shot",Missing finance adviser Melissa Caddick’s husband left high and dry,‘Deeply disturbing’: More women claim sexual assault by staffer Brittany Higgins accused,The young doctor who ignored the rules to find Italy’s ‘Patient One’,Linda Reynolds doesn’t deserve criticism: her response to Higgins rape claim was textbook,Where are you in the vaccine queue? Our calculator shows when you’re likely to get the jab,It’s time to change the discourse around Samantha Armytage,2021-02-23,06
SMH most viewed,JobSeeker set for increase as data shows it could cost less than $3 billion a year,‘Not a nice person’: Man accused of Parliament rape stood down from current job,"Coronavirus updates LIVE: COVID vaccine rollout begins throughout Australia as Scott Morrison, CMO Paul Kelly receive shot",Missing finance adviser Melissa Caddick’s husband left high and dry,‘Deeply disturbing’: More women claim sexual assault by staffer Brittany Higgins accused,The young doctor who ignored the rules to find Italy’s ‘Patient One’,Where are you in the vaccine queue? Our calculator shows when you’re likely to get the jab,It’s time to change the discourse around Samantha Armytage,2021-02-23,07
SMH most viewed,"Former NRL player Sam Burgess stopped by police, allegedly failed drugs test",‘Not a nice person’: Man accused of Parliament rape stood down from current job,JobSeeker set for increase as data shows it could cost less than $3 billion a year,"Coronavirus updates LIVE: COVID vaccine rollout begins throughout Australia as Scott Morrison, CMO Paul Kelly receive shot",Missing finance adviser Melissa Caddick’s husband left high and dry,‘Deeply disturbing’: More women claim sexual assault by staffer Brittany Higgins accused,Where are you in the vaccine queue? Our calculator shows when you’re likely to get the jab,It’s time to change the discourse around Samantha Armytage,2021-02-23,08
SMH most viewed,Embarrassing no-shows at China’s summit are a sign Europe is charting a new course,‘Not a nice person’: Man accused of Parliament rape stood down from current job,JobSeeker set for increase as data shows it could cost less than $3 billion a year,"Coronavirus updates LIVE: COVID vaccine rollout begins throughout Australia as Scott Morrison, CMO Paul Kelly receive shot",Missing finance adviser Melissa Caddick’s husband left high and dry,‘Deeply disturbing’: More women claim sexual assault by staffer Brittany Higgins accused,Where are you in the vaccine queue? Our calculator shows when you’re likely to get the jab,It’s time to change the discourse around Samantha Armytage,2021-02-23,09
SMH most viewed,Embarrassing no-shows at China’s summit are a sign Europe is charting a new course,"Former NRL player Sam Burgess stopped by police, allegedly failed drugs test",‘Not a nice person’: Man accused of Parliament rape stood down from current job,JobSeeker set for increase as data shows it could cost less than $3 billion a year,"Coronavirus updates LIVE: COVID vaccine rollout begins throughout Australia as Scott Morrison, CMO Paul Kelly receive shot",Missing finance adviser Melissa Caddick’s husband left high and dry,‘Deeply disturbing’: More women claim sexual assault by staffer Brittany Higgins accused,Where are you in the vaccine queue? Our calculator shows when you’re likely to get the jab,2021-02-23,11
SMH most viewed,"Former NRL player Sam Burgess stopped by police, allegedly failed drugs test",‘Not a nice person’: Man accused of Parliament rape stood down from current job,Embarrassing no-shows at China’s summit are a sign Europe is charting a new course,JobSeeker set for increase as data shows it could cost less than $3 billion a year,"Coronavirus updates LIVE: COVID vaccine rollout begins throughout Australia as Scott Morrison, CMO Paul Kelly receive shot",Missing finance adviser Melissa Caddick’s husband left high and dry,‘Deeply disturbing’: More women claim sexual assault by staffer Brittany Higgins accused,Where are you in the vaccine queue? Our calculator shows when you’re likely to get the jab,2021-02-23,12
SMH most viewed,‘I want to be able to speak out’: Craig Kelly resigns from the Liberal Party to move to the crossbench,"Former NRL player Sam Burgess stopped by police, allegedly failed drugs test",‘Pretty dark culture’: Sydney boys’ school heads express regret over rape claims,‘Not a nice person’: Man accused of Parliament rape stood down from current job,Embarrassing no-shows at China’s summit are a sign Europe is charting a new course,JobSeeker set for increase as data shows it could cost less than $3 billion a year,Missing finance adviser Melissa Caddick’s husband left high and dry,Where are you in the vaccine queue? Our calculator shows when you’re likely to get the jab,2021-02-23,13
SMH most viewed,‘I want to be able to speak out’: Craig Kelly resigns from the Liberal Party to move to the crossbench,"Former NRL player Sam Burgess stopped by police, allegedly failed drugs test","Coronavirus updates LIVE: US death toll surpasses 500,000 as second Pfizer vaccine shipment arrives in Australia; Anthony Albanese receives COVID shot",‘Pretty dark culture’: Sydney boys’ school heads express regret over rape claims,‘Not a nice person’: Man accused of Parliament rape stood down from current job,Embarrassing no-shows at China’s summit are a sign Europe is charting a new course,JobSeeker set for increase as data shows it could cost less than $3 billion a year,Missing finance adviser Melissa Caddick’s husband left high and dry,2021-02-23,14
SMH most viewed,‘I want to be able to speak out’: Craig Kelly resigns from the Liberal Party to move to the crossbench,Facebook to reinstate news content after government agrees to last-minute amendments to media code,"As it happened: US death toll surpasses 500,000 as second Pfizer vaccine shipment arrives in Australia; Anthony Albanese receives COVID shot",‘Not a nice person’: Man accused of Parliament rape stood down from current job,Embarrassing no-shows at China’s summit are a sign Europe is charting a new course,JobSeeker set for increase as data shows it could cost less than $3 billion a year,"Former NRL player Sam Burgess stopped by police, allegedly failed drugs test",Missing finance adviser Melissa Caddick’s husband left high and dry,2021-02-23,15
SMH most viewed,"As it happened: US death toll surpasses 500,000 as second Pfizer vaccine shipment arrives in Australia; Anthony Albanese receives COVID shot",Facebook to reinstate news content after government agrees to last-minute amendments to media code,‘I want to be able to speak out’: Craig Kelly resigns from the Liberal Party to move to the crossbench,‘Not a nice person’: Man accused of Parliament rape stood down from current job,Embarrassing no-shows at China’s summit are a sign Europe is charting a new course,JobSeeker set for increase as data shows it could cost less than $3 billion a year,"Former NRL player Sam Burgess stopped by police, allegedly failed drugs test",Missing finance adviser Melissa Caddick’s husband left high and dry,2021-02-23,16
SMH most viewed,"As it happened: US death toll surpasses 500,000 as second Pfizer vaccine shipment arrives in Australia; Anthony Albanese receives COVID shot",Facebook refriends Australia after last-minute changes to media code,‘I want to be able to speak out’: Craig Kelly resigns from the Liberal Party to move to the crossbench,‘Not a nice person’: Man accused of Parliament rape stood down from current job,Embarrassing no-shows at China’s summit are a sign Europe is charting a new course,JobSeeker set for increase as data shows it could cost less than $3 billion a year,"Former NRL player Sam Burgess stopped by police, allegedly failed drugs test",Missing finance adviser Melissa Caddick’s husband left high and dry,2021-02-23,17
SMH most viewed,JobSeeker lifted by $25 a week as employers given dob-in powers,Facebook refriends Australia after last-minute changes to media code,"As it happened: US death toll surpasses 500,000 as second Pfizer vaccine shipment arrives in Australia; Anthony Albanese receives COVID shot",‘I want to be able to speak out’: Craig Kelly resigns from the Liberal Party to move to the crossbench,‘Not a nice person’: Man accused of Parliament rape stood down from current job,Embarrassing no-shows at China’s summit are a sign Europe is charting a new course,JobSeeker set for increase as data shows it could cost less than $3 billion a year,Missing finance adviser Melissa Caddick’s husband left high and dry,2021-02-23,18
SMH most viewed,JobSeeker lifted by $25 a week as employers given dob-in powers,Facebook refriends Australia after last-minute changes to media code,"As it happened: US death toll surpasses 500,000 as second Pfizer vaccine shipment arrives in Australia; Anthony Albanese receives COVID shot",‘I want to be able to speak out’: Craig Kelly resigns from the Liberal Party to move to the crossbench,‘Not a nice person’: Man accused of Parliament rape stood down from current job,Embarrassing no-shows at China’s summit are a sign Europe is charting a new course,JobSeeker set for increase as data shows it could cost less than $3 billion a year,Missing finance adviser Melissa Caddick’s husband left high and dry,2021-02-23,19
SMH most viewed,Facebook refriends Australia after last-minute changes to media code,"As it happened: US death toll surpasses 500,000 as second Pfizer vaccine shipment arrives in Australia; Anthony Albanese receives COVID shot",JobSeeker lifted by $25 a week as employers given dob-in powers,‘I want to be able to speak out’: Craig Kelly resigns from the Liberal Party to move to the crossbench,‘Not a nice person’: Man accused of Parliament rape stood down from current job,Embarrassing no-shows at China’s summit are a sign Europe is charting a new course,JobSeeker set for increase as data shows it could cost less than $3 billion a year,Missing finance adviser Melissa Caddick’s husband left high and dry,2021-02-23,20
SMH most viewed,Facebook refriends Australia after last-minute changes to media code,"As it happened: US death toll surpasses 500,000 as second Pfizer vaccine shipment arrives in Australia; Anthony Albanese receives COVID shot",JobSeeker lifted by $25 a week as employers given dob-in powers,‘I want to be able to speak out’: Craig Kelly resigns from the Liberal Party to move to the crossbench,‘Not a nice person’: Man accused of Parliament rape stood down from current job,Embarrassing no-shows at China’s summit are a sign Europe is charting a new course,JobSeeker set for increase as data shows it could cost less than $3 billion a year,Missing finance adviser Melissa Caddick’s husband left high and dry,2021-02-23,21
SMH most viewed,Police search for man after road rage attack on woman cyclist,Facebook refriends Australia after last-minute changes to media code,"As it happened: US death toll surpasses 500,000 as second Pfizer vaccine shipment arrives in Australia; Anthony Albanese receives COVID shot",JobSeeker lifted by $25 a week as employers given dob-in powers,‘I want to be able to speak out’: Craig Kelly resigns from the Liberal Party to move to the crossbench,‘Not a nice person’: Man accused of Parliament rape stood down from current job,Embarrassing no-shows at China’s summit are a sign Europe is charting a new course,JobSeeker set for increase as data shows it could cost less than $3 billion a year,2021-02-23,22
SMH most viewed,"Court overturns $360,000 defamation win in Balmain neighbours’ feud",Facebook refriends Australia after last-minute changes to media code,"As it happened: US death toll surpasses 500,000 as second Pfizer vaccine shipment arrives in Australia; Anthony Albanese receives COVID shot",JobSeeker lifted by $25 a week as employers given dob-in powers,‘I want to be able to speak out’: Craig Kelly resigns from the Liberal Party to move to the crossbench,‘Not a nice person’: Man accused of Parliament rape stood down from current job,Embarrassing no-shows at China’s summit are a sign Europe is charting a new course,JobSeeker set for increase as data shows it could cost less than $3 billion a year,2021-02-23,23
SMH most viewed,Facebook refriends Australia after last-minute changes to media code,‘Not a nice person’: Man accused of Parliament rape stood down from current job,‘I want to be able to speak out’: Craig Kelly resigns from the Liberal Party to move to the crossbench,JobSeeker set for increase as data shows it could cost less than $3 billion a year,JobSeeker lifted by $25 a week as employers given dob-in powers,"As it happened: US death toll surpasses 500,000 as second Pfizer vaccine shipment arrives in Australia; Anthony Albanese receives COVID shot","Court overturns $360,000 defamation win in Balmain neighbours’ feud",Embarrassing no-shows at China’s summit are a sign Europe is charting a new course,2021-02-24,00
SMH most viewed,Facebook refriends Australia after last-minute changes to media code,"As it happened: US death toll surpasses 500,000 as second Pfizer vaccine shipment arrives in Australia; Anthony Albanese receives COVID shot",JobSeeker lifted by $25 a week as employers given dob-in powers,‘I want to be able to speak out’: Craig Kelly resigns from the Liberal Party to move to the crossbench,"Court overturns $360,000 defamation win in Balmain neighbours’ feud",‘Not a nice person’: Man accused of Parliament rape stood down from current job,Embarrassing no-shows at China’s summit are a sign Europe is charting a new course,JobSeeker set for increase as data shows it could cost less than $3 billion a year,2021-02-24,01
SMH most viewed,Facebook refriends Australia after last-minute changes to media code,"As it happened: US death toll surpasses 500,000 as second Pfizer vaccine shipment arrives in Australia; Anthony Albanese receives COVID shot",JobSeeker lifted by $25 a week as employers given dob-in powers,‘I want to be able to speak out’: Craig Kelly resigns from the Liberal Party to move to the crossbench,"Court overturns $360,000 defamation win in Balmain neighbours’ feud",‘Not a nice person’: Man accused of Parliament rape stood down from current job,Embarrassing no-shows at China’s summit are a sign Europe is charting a new course,JobSeeker set for increase as data shows it could cost less than $3 billion a year,2021-02-24,03
SMH most viewed,Facebook refriends Australia after last-minute changes to media code,"As it happened: US death toll surpasses 500,000 as second Pfizer vaccine shipment arrives in Australia; Anthony Albanese receives COVID shot",JobSeeker lifted by $25 a week as employers given dob-in powers,‘I want to be able to speak out’: Craig Kelly resigns from the Liberal Party to move to the crossbench,"Court overturns $360,000 defamation win in Balmain neighbours’ feud",‘Not a nice person’: Man accused of Parliament rape stood down from current job,Embarrassing no-shows at China’s summit are a sign Europe is charting a new course,JobSeeker set for increase as data shows it could cost less than $3 billion a year,2021-02-24,04
SMH most viewed,New COVID cases identified in Auckland,Facebook refriends Australia after last-minute changes to media code,"As it happened: US death toll surpasses 500,000 as second Pfizer vaccine shipment arrives in Australia; Anthony Albanese receives COVID shot",‘I want to be able to speak out’: Craig Kelly resigns from the Liberal Party to move to the crossbench,"Court overturns $360,000 defamation win in Balmain neighbours’ feud",‘Not a nice person’: Man accused of Parliament rape stood down from current job,Embarrassing no-shows at China’s summit are a sign Europe is charting a new course,JobSeeker set for increase as data shows it could cost less than $3 billion a year,2021-02-24,05
SMH most viewed,New COVID cases identified in Auckland,JobSeeker lifted by $25 a week as employers given dob-in powers,Facebook refriends Australia after last-minute changes to media code,"As it happened: US death toll surpasses 500,000 as second Pfizer vaccine shipment arrives in Australia; Anthony Albanese receives COVID shot",‘I want to be able to speak out’: Craig Kelly resigns from the Liberal Party to move to the crossbench,"Court overturns $360,000 defamation win in Balmain neighbours’ feud",‘Not a nice person’: Man accused of Parliament rape stood down from current job,Embarrassing no-shows at China’s summit are a sign Europe is charting a new course,2021-02-24,06
SMH most viewed,New COVID cases identified in Auckland,JobSeeker lifted by $25 a week as employers given dob-in powers,Facebook refriends Australia after last-minute changes to media code,"As it happened: US death toll surpasses 500,000 as second Pfizer vaccine shipment arrives in Australia; Anthony Albanese receives COVID shot",‘I want to be able to speak out’: Craig Kelly resigns from the Liberal Party to move to the crossbench,"Court overturns $360,000 defamation win in Balmain neighbours’ feud",‘Not a nice person’: Man accused of Parliament rape stood down from current job,Embarrassing no-shows at China’s summit are a sign Europe is charting a new course,2021-02-24,07
SMH most viewed,"Tiger Woods injured in Los Angeles car crash, police say",Facebook refriends Australia after last-minute changes to media code,New COVID cases identified in Auckland,"As it happened: US death toll surpasses 500,000 as second Pfizer vaccine shipment arrives in Australia; Anthony Albanese receives COVID shot",‘I want to be able to speak out’: Craig Kelly resigns from the Liberal Party to move to the crossbench,"Court overturns $360,000 defamation win in Balmain neighbours’ feud",‘Not a nice person’: Man accused of Parliament rape stood down from current job,Embarrassing no-shows at China’s summit are a sign Europe is charting a new course,2021-02-24,08
SMH most viewed,Minister changes story on police meetings over alleged rape,"Tiger Woods injured in Los Angeles car crash, police say",Facebook refriends Australia after last-minute changes to media code,New COVID cases identified in Auckland,‘I want to be able to speak out’: Craig Kelly resigns from the Liberal Party to move to the crossbench,"Court overturns $360,000 defamation win in Balmain neighbours’ feud",‘Not a nice person’: Man accused of Parliament rape stood down from current job,Embarrassing no-shows at China’s summit are a sign Europe is charting a new course,2021-02-24,09
SMH most viewed,Coronavirus updates LIVE: Queensland nursing home patients receive accidental overdoses of Pfizer vaccine; restrictions to ease in NSW from Friday,Minister changes story on police meetings over alleged rape,No evidence Tiger Woods was affected by drugs or alcohol in LA car crash,Facebook refriends Australia after last-minute changes to media code,New COVID cases identified in Auckland,‘I want to be able to speak out’: Craig Kelly resigns from the Liberal Party to move to the crossbench,"Court overturns $360,000 defamation win in Balmain neighbours’ feud",Embarrassing no-shows at China’s summit are a sign Europe is charting a new course,2021-02-24,11
SMH most viewed,Coronavirus updates LIVE: Queensland nursing home patients receive accidental overdoses of Pfizer vaccine; restrictions to ease in NSW from Friday,Defence Minister Linda Reynolds is taking leave for health reasons,"Tiger Woods ‘fortunate to come out alive’ from LA car crash, say police",Minister changes story on police meetings over alleged rape,Facebook refriends Australia after last-minute changes to media code,New COVID cases identified in Auckland,"Court overturns $360,000 defamation win in Balmain neighbours’ feud",Embarrassing no-shows at China’s summit are a sign Europe is charting a new course,2021-02-24,12
SMH most viewed,Defence Minister Linda Reynolds is taking leave for health reasons,Coronavirus updates LIVE: Queensland nursing home patients receive accidental overdoses of Pfizer vaccine; restrictions to ease in NSW from Friday,"Tiger Woods ‘fortunate to come out alive’ from LA car crash, say police",Minister changes story on police meetings over alleged rape,Facebook refriends Australia after last-minute changes to media code,New COVID cases identified in Auckland,"Court overturns $360,000 defamation win in Balmain neighbours’ feud",Embarrassing no-shows at China’s summit are a sign Europe is charting a new course,2021-02-24,13
SMH most viewed,Defence Minister Linda Reynolds is taking leave for health reasons,Coronavirus updates LIVE: Queensland nursing home patients receive accidental overdoses of Pfizer vaccine; restrictions to ease in NSW from Friday,"Tiger Woods ‘fortunate to come out alive’ from LA car crash, say police",Minister changes story on police meetings over alleged rape,Facebook refriends Australia after last-minute changes to media code,New COVID cases identified in Auckland,"Court overturns $360,000 defamation win in Balmain neighbours’ feud",Embarrassing no-shows at China’s summit are a sign Europe is charting a new course,2021-02-24,14
SMH most viewed,"TGA bans Pfizer, AstraZeneca brand mentions in COVID-19 vaccine advertising",Coronavirus updates LIVE: Queensland doctor who administered COVID vaccine overdoses to nursing home patients not trained; restrictions to ease in NSW from Friday,"Tiger Woods ‘fortunate to come out alive’ from LA car crash, say police",Defence Minister Linda Reynolds is taking leave for health reasons,Facebook refriends Australia after last-minute changes to media code,New COVID cases identified in Auckland,"Court overturns $360,000 defamation win in Balmain neighbours’ feud",Embarrassing no-shows at China’s summit are a sign Europe is charting a new course,2021-02-24,15
SMH most viewed,"Not a genuine document found in missing Melissa Caddick’s affairs, liquidators say",As it happened: Queensland doctor who administered COVID vaccine overdoses to nursing home patients not trained; restrictions to ease in NSW from Friday,"Tiger Woods ‘fortunate to come out alive’ from LA car crash, say police",Defence Minister Linda Reynolds is taking leave for health reasons,"TGA bans Pfizer, AstraZeneca brand mentions in COVID-19 vaccine advertising",Facebook refriends Australia after last-minute changes to media code,New COVID cases identified in Auckland,Embarrassing no-shows at China’s summit are a sign Europe is charting a new course,2021-02-24,16
SMH most viewed,"Not a genuine document found in missing Melissa Caddick’s affairs, liquidators say","Tiger Woods ‘awake, responsive and recovering’ after surgery following car crash",As it happened: Queensland doctor who administered COVID vaccine overdoses to nursing home patients not trained; restrictions to ease in NSW from Friday,Defence Minister Linda Reynolds is taking leave for health reasons,"TGA bans Pfizer, AstraZeneca brand mentions in COVID-19 vaccine advertising",Facebook refriends Australia after last-minute changes to media code,New COVID cases identified in Auckland,Embarrassing no-shows at China’s summit are a sign Europe is charting a new course,2021-02-24,18
SMH most viewed,"Tiger Woods ‘awake, responsive and recovering’ after surgery following car crash",As it happened: Queensland doctor who administered COVID vaccine overdoses to nursing home patients not trained; restrictions to ease in NSW from Friday,"Not a genuine document found in missing Melissa Caddick’s affairs, liquidators say",Defence Minister Linda Reynolds is taking leave for health reasons,"TGA bans Pfizer, AstraZeneca brand mentions in COVID-19 vaccine advertising",Facebook refriends Australia after last-minute changes to media code,New COVID cases identified in Auckland,Embarrassing no-shows at China’s summit are a sign Europe is charting a new course,2021-02-24,19
SMH most viewed,Doctor who administered incorrect dose of COVID-19 vaccine had not been trained,"Tiger Woods ‘awake, responsive and recovering’ after surgery following car crash",As it happened: Queensland doctor who administered COVID vaccine overdoses to nursing home patients not trained; restrictions to ease in NSW from Friday,"Not a genuine document found in missing Melissa Caddick’s affairs, liquidators say",Defence Minister Linda Reynolds is taking leave for health reasons,"TGA bans Pfizer, AstraZeneca brand mentions in COVID-19 vaccine advertising",Facebook refriends Australia after last-minute changes to media code,New COVID cases identified in Auckland,2021-02-24,20
SMH most viewed,"Tiger Woods ‘awake, responsive and recovering’ after surgery following car crash",New COVID cases identified in Auckland,‘Game Over’: Facebook post before alleged sledgehammer attack in CBD hotel,As it happened: Queensland doctor who administered COVID vaccine overdoses to nursing home patients not trained; restrictions to ease in NSW from Friday,Doctor who administered incorrect dose of COVID-19 vaccine had not been trained,"Not a genuine document found in missing Melissa Caddick’s affairs, liquidators say",Defence Minister Linda Reynolds is taking leave for health reasons,"TGA bans Pfizer, AstraZeneca brand mentions in COVID-19 vaccine advertising",2021-02-25,03
SMH most viewed,Defence Minister Linda Reynolds is taking leave for health reasons,Doctor who administered incorrect dose of COVID-19 vaccine had not been trained,The $1 billion plan to increase Sydney’s peak-hour train capacity,"Tiger Woods ‘awake, responsive and recovering’ after surgery following car crash",‘Game Over’: Facebook post before alleged sledgehammer attack in CBD hotel,As it happened: Queensland doctor who administered COVID vaccine overdoses to nursing home patients not trained; restrictions to ease in NSW from Friday,"Not a genuine document found in missing Melissa Caddick’s affairs, liquidators say","TGA bans Pfizer, AstraZeneca brand mentions in COVID-19 vaccine advertising",2021-02-25,04
SMH most viewed,"Tiger Woods ‘awake, responsive and recovering’ after surgery following car crash",‘Game Over’: Facebook post before alleged sledgehammer attack in CBD hotel,As it happened: Queensland doctor who administered COVID vaccine overdoses to nursing home patients not trained; restrictions to ease in NSW from Friday,Doctor who administered incorrect dose of COVID-19 vaccine had not been trained,"Not a genuine document found in missing Melissa Caddick’s affairs, liquidators say",Defence Minister Linda Reynolds is taking leave for health reasons,The $1 billion plan to increase Sydney’s peak-hour train capacity,"TGA bans Pfizer, AstraZeneca brand mentions in COVID-19 vaccine advertising",2021-02-25,05
SMH most viewed,Melissa Caddick’s trail of ‘emotional and financial devastation’,"Tiger Woods ‘awake, responsive and recovering’ after surgery following car crash",‘Game Over’: Facebook post before alleged sledgehammer attack in CBD hotel,As it happened: Queensland doctor who administered COVID vaccine overdoses to nursing home patients not trained; restrictions to ease in NSW from Friday,Doctor who administered incorrect dose of COVID-19 vaccine had not been trained,"Not a genuine document found in missing Melissa Caddick’s affairs, liquidators say",Defence Minister Linda Reynolds is taking leave for health reasons,"TGA bans Pfizer, AstraZeneca brand mentions in COVID-19 vaccine advertising",2021-02-25,06
SMH most viewed,Melissa Caddick’s trail of ‘emotional and financial devastation’,"Tiger Woods ‘awake, responsive and recovering’ after surgery following car crash",‘Game Over’: Facebook post before alleged sledgehammer attack in CBD hotel,As it happened: Queensland doctor who administered COVID vaccine overdoses to nursing home patients not trained; restrictions to ease in NSW from Friday,Doctor who administered incorrect dose of COVID-19 vaccine had not been trained,"Not a genuine document found in missing Melissa Caddick’s affairs, liquidators say",Defence Minister Linda Reynolds is taking leave for health reasons,"TGA bans Pfizer, AstraZeneca brand mentions in COVID-19 vaccine advertising",2021-02-25,07
SMH most viewed,Melissa Caddick’s trail of ‘emotional and financial devastation’,‘Lame excuse’: NSW lashes out over Queensland refusal to pay hotel quarantine bill,‘Game Over’: Facebook post before alleged sledgehammer attack in CBD hotel,As it happened: Queensland doctor who administered COVID vaccine overdoses to nursing home patients not trained; restrictions to ease in NSW from Friday,Doctor who administered incorrect dose of COVID-19 vaccine had not been trained,"Not a genuine document found in missing Melissa Caddick’s affairs, liquidators say",Defence Minister Linda Reynolds is taking leave for health reasons,"TGA bans Pfizer, AstraZeneca brand mentions in COVID-19 vaccine advertising",2021-02-25,08
SMH most viewed,Melissa Caddick’s trail of ‘emotional and financial devastation’,‘Lame excuse’: NSW lashes out over Queensland refusal to pay hotel quarantine bill,‘Game Over’: Facebook post before alleged sledgehammer attack in CBD hotel,As it happened: Queensland doctor who administered COVID vaccine overdoses to nursing home patients not trained; restrictions to ease in NSW from Friday,Doctor who administered incorrect dose of COVID-19 vaccine had not been trained,"Not a genuine document found in missing Melissa Caddick’s affairs, liquidators say",Defence Minister Linda Reynolds is taking leave for health reasons,"TGA bans Pfizer, AstraZeneca brand mentions in COVID-19 vaccine advertising",2021-02-25,09
SMH most viewed,Melissa Caddick’s trail of ‘emotional and financial devastation’,‘Lame excuse’: NSW lashes out over Queensland refusal to pay hotel quarantine bill,Construction begins on northern beaches sea wall despite ‘vexed’ funding issues,‘Game Over’: Facebook post before alleged sledgehammer attack in CBD hotel,As it happened: Queensland doctor who administered COVID vaccine overdoses to nursing home patients not trained; restrictions to ease in NSW from Friday,Doctor who administered incorrect dose of COVID-19 vaccine had not been trained,"Not a genuine document found in missing Melissa Caddick’s affairs, liquidators say",Defence Minister Linda Reynolds is taking leave for health reasons,2021-02-25,11
SMH most viewed,Construction begins on northern beaches sea wall despite ‘vexed’ funding issues,‘Lame excuse’: NSW lashes out over Queensland refusal to pay hotel quarantine bill,‘Game Over’: Facebook post before alleged sledgehammer attack in CBD hotel,As it happened: Queensland doctor who administered COVID vaccine overdoses to nursing home patients not trained; restrictions to ease in NSW from Friday,Melissa Caddick’s trail of ‘emotional and financial devastation’,Doctor who administered incorrect dose of COVID-19 vaccine had not been trained,"Not a genuine document found in missing Melissa Caddick’s affairs, liquidators say",Coffee helps heart health? It’s more complicated than that,2021-02-25,12
SMH most viewed,‘Game Over’: Facebook post before alleged sledgehammer attack in CBD hotel,Melissa Caddick’s trail of ‘emotional and financial devastation’,"Not a genuine document found in missing Melissa Caddick’s affairs, liquidators say",‘Lame excuse’: NSW lashes out over Queensland refusal to pay hotel quarantine bill,Coffee helps heart health? It’s more complicated than that,Construction begins on northern beaches sea wall despite ‘vexed’ funding issues,As it happened: Queensland doctor who administered COVID vaccine overdoses to nursing home patients not trained; restrictions to ease in NSW from Friday,"Woods, Burgess, Miller? My diagnosis – ‘elite athlete syndrome’",2021-02-25,13
SMH most viewed,Australia enters top 10 in global rankings of soft power,"Woods, Burgess, Miller? My diagnosis – ‘elite athlete syndrome’",Construction begins on northern beaches sea wall despite ‘vexed’ funding issues,‘Lame excuse’: NSW lashes out over Queensland refusal to pay hotel quarantine bill,‘Game Over’: Facebook post before alleged sledgehammer attack in CBD hotel,Melissa Caddick’s trail of ‘emotional and financial devastation’,"Not a genuine document found in missing Melissa Caddick’s affairs, liquidators say",Coffee helps heart health? It’s more complicated than that,2021-02-25,14
SMH most viewed,Australia enters top 10 in global rankings of soft power,‘Impossible to believe’: The maps at the heart of furore over developer’s land grab,"Woods, Burgess, Miller? My diagnosis – ‘elite athlete syndrome’",Construction begins on northern beaches sea wall despite ‘vexed’ funding issues,‘Lame excuse’: NSW lashes out over Queensland refusal to pay hotel quarantine bill,‘Game Over’: Facebook post before alleged sledgehammer attack in CBD hotel,Melissa Caddick’s trail of ‘emotional and financial devastation’,Coffee helps heart health? It’s more complicated than that,2021-02-25,15
SMH most viewed,Australia enters top 10 in global rankings of soft power,‘Impossible to believe’: The maps at the heart of furore over developer’s land grab,"Woods, Burgess, Miller? My diagnosis – ‘elite athlete syndrome’",Construction begins on northern beaches sea wall despite ‘vexed’ funding issues,‘Lame excuse’: NSW lashes out over Queensland refusal to pay hotel quarantine bill,‘Game Over’: Facebook post before alleged sledgehammer attack in CBD hotel,Melissa Caddick’s trail of ‘emotional and financial devastation’,Coffee helps heart health? It’s more complicated than that,2021-02-25,16
SMH most viewed,Australia enters top 10 in global rankings of soft power,‘Impossible to believe’: The maps at the heart of furore over developer’s land grab,"Woods, Burgess, Miller? My diagnosis – ‘elite athlete syndrome’",Construction begins on northern beaches sea wall despite ‘vexed’ funding issues,‘Lame excuse’: NSW lashes out over Queensland refusal to pay hotel quarantine bill,‘Game Over’: Facebook post before alleged sledgehammer attack in CBD hotel,Melissa Caddick’s trail of ‘emotional and financial devastation’,Coffee helps heart health? It’s more complicated than that,2021-02-25,17
SMH most viewed,Healthcare Australia boss stood down over COVID-19 vaccine bungle,Australia enters top 10 in global rankings of soft power,"Woods, Burgess, Miller? My diagnosis – ‘elite athlete syndrome’",Construction begins on northern beaches sea wall despite ‘vexed’ funding issues,‘Lame excuse’: NSW lashes out over Queensland refusal to pay hotel quarantine bill,‘Game Over’: Facebook post before alleged sledgehammer attack in CBD hotel,Melissa Caddick’s trail of ‘emotional and financial devastation’,Coffee helps heart health? It’s more complicated than that,2021-02-25,18
